ID,Object,Property,Value,Source
0.0,Object1,Property3,392407,Source1
0.0,Object1,Property1,214103,Source1
0.0,Object2,Property3,279909,Source1
0.0,Object2,Property1,398405,Source1
0.0,Object3,Property3,384668,Source1
0.0,Object3,Property1,151238,Source1
0.0,Object4,Property3,496316,Source1
0.0,Object4,Property1,451967,Source1
0.0,Object5,Property3,315527,Source1
0.0,Object5,Property1,186618,Source1
0.0,Object6,Property3,278949,Source1
0.0,Object6,Property1,389119,Source1
0.0,Object7,Property3,176153,Source1
0.0,Object7,Property1,368760,Source1
0.0,Object8,Property3,154599,Source1
0.0,Object8,Property1,454954,Source1
0.0,Object9,Property3,446618,Source1
0.0,Object9,Property1,193795,Source1
0.0,Object10,Property3,237534,Source1
0.0,Object10,Property1,181956,Source1
0.0,Object1,Property3,392407,Source3
0.0,Object1,Property1,214103,Source3
0.0,Object2,Property3,279909,Source3
0.0,Object2,Property1,398405,Source3
0.0,Object3,Property3,384668,Source3
0.0,Object3,Property1,151238,Source3
0.0,Object4,Property3,496316,Source3
0.0,Object4,Property1,451967,Source3
0.0,Object5,Property3,315527,Source3
0.0,Object5,Property1,186618,Source3
0.0,Object6,Property3,278949,Source3
0.0,Object6,Property1,389119,Source3
0.0,Object7,Property3,176153,Source3
0.0,Object7,Property1,368760,Source3
0.0,Object8,Property3,154599,Source3
0.0,Object8,Property1,909335,Source3
0.0,Object9,Property3,803962,Source3
0.0,Object9,Property1,914413,Source3
0.0,Object10,Property3,752798,Source3
0.0,Object10,Property1,713939,Source3
0.0,Object1,Property3,392407,Source5
0.0,Object1,Property1,214103,Source5
0.0,Object2,Property3,279909,Source5
0.0,Object2,Property1,398405,Source5
0.0,Object3,Property3,384668,Source5
0.0,Object3,Property1,151238,Source5
0.0,Object4,Property3,496316,Source5
0.0,Object4,Property1,451967,Source5
0.0,Object5,Property3,315527,Source5
0.0,Object5,Property1,186618,Source5
0.0,Object6,Property3,278949,Source5
0.0,Object6,Property1,389119,Source5
0.0,Object7,Property3,176153,Source5
0.0,Object7,Property1,564154,Source5
0.0,Object8,Property3,671071,Source5
0.0,Object8,Property1,699095,Source5
0.0,Object9,Property3,628102,Source5
0.0,Object9,Property1,600621,Source5
0.0,Object10,Property3,760528,Source5
0.0,Object10,Property1,944135,Source5
0.0,Object1,Property3,872048,Source2
0.0,Object1,Property1,768892,Source2
0.0,Object2,Property3,560007,Source2
0.0,Object2,Property1,705238,Source2
0.0,Object3,Property3,903444,Source2
0.0,Object3,Property1,707598,Source2
0.0,Object4,Property3,516692,Source2
0.0,Object4,Property1,584480,Source2
0.0,Object5,Property3,927167,Source2
0.0,Object5,Property1,990310,Source2
0.0,Object6,Property3,615567,Source2
0.0,Object6,Property1,646934,Source2
0.0,Object7,Property3,827420,Source2
0.0,Object7,Property1,564154,Source2
0.0,Object8,Property3,948085,Source2
0.0,Object8,Property1,699095,Source2
0.0,Object9,Property3,802636,Source2
0.0,Object9,Property1,600621,Source2
0.0,Object10,Property3,844261,Source2
0.0,Object10,Property1,737243,Source2
0.0,Object1,Property3,721804,Source4
0.0,Object1,Property1,601874,Source4
0.0,Object2,Property3,583933,Source4
0.0,Object2,Property1,705238,Source4
0.0,Object3,Property3,931796,Source4
0.0,Object3,Property1,641150,Source4
0.0,Object4,Property3,640484,Source4
0.0,Object4,Property1,532975,Source4
0.0,Object5,Property3,612676,Source4
0.0,Object5,Property1,660724,Source4
0.0,Object6,Property3,554978,Source4
0.0,Object6,Property1,760204,Source4
0.0,Object7,Property3,543753,Source4
0.0,Object7,Property1,701752,Source4
0.0,Object8,Property3,589902,Source4
0.0,Object8,Property1,671677,Source4
0.0,Object9,Property3,634454,Source4
0.0,Object9,Property1,909685,Source4
0.0,Object10,Property3,912131,Source4
0.0,Object10,Property1,636096,Source4
0.0,Object1,Property2,921824,Source1
0.0,Object2,Property2,952030,Source1
0.0,Object3,Property2,716254,Source1
0.0,Object4,Property2,606190,Source1
0.0,Object5,Property2,554298,Source1
0.0,Object6,Property2,521669,Source1
0.0,Object7,Property2,628104,Source1
0.0,Object8,Property2,788035,Source1
0.0,Object9,Property2,938060,Source1
0.0,Object10,Property2,670210,Source1
0.0,Object1,Property2,870388,Source3
0.0,Object2,Property2,938201,Source3
0.0,Object3,Property2,779553,Source3
0.0,Object4,Property2,762588,Source3
0.0,Object5,Property2,611179,Source3
0.0,Object6,Property2,855719,Source3
0.0,Object7,Property2,986478,Source3
0.0,Object8,Property2,548418,Source3
0.0,Object9,Property2,817875,Source3
0.0,Object10,Property2,661328,Source3
0.0,Object1,Property2,675279,Source5
0.0,Object2,Property2,554958,Source5
0.0,Object3,Property2,877671,Source5
0.0,Object4,Property2,593041,Source5
0.0,Object5,Property2,850594,Source5
0.0,Object6,Property2,563456,Source5
0.0,Object7,Property2,527308,Source5
0.0,Object8,Property2,522001,Source5
0.0,Object9,Property2,817875,Source5
0.0,Object10,Property2,918858,Source5
0.0,Object1,Property2,120308,Source2
0.0,Object2,Property2,356564,Source2
0.0,Object3,Property2,354277,Source2
0.0,Object4,Property2,487357,Source2
0.0,Object5,Property2,163020,Source2
0.0,Object6,Property2,374271,Source2
0.0,Object7,Property2,317175,Source2
0.0,Object8,Property2,425322,Source2
0.0,Object9,Property2,285346,Source2
0.0,Object10,Property2,360309,Source2
0.0,Object1,Property2,120308,Source4
0.0,Object2,Property2,356564,Source4
0.0,Object3,Property2,354277,Source4
0.0,Object4,Property2,487357,Source4
0.0,Object5,Property2,163020,Source4
0.0,Object6,Property2,374271,Source4
0.0,Object7,Property2,317175,Source4
0.0,Object8,Property2,425322,Source4
0.0,Object9,Property2,285346,Source4
0.0,Object10,Property2,783876,Source4
