ID,Object,Property,Value,Source
0.0,Object1,Property3,418886,Source1
0.0,Object1,Property2,354490,Source1
0.0,Object2,Property3,225299,Source1
0.0,Object2,Property2,359195,Source1
0.0,Object3,Property3,345497,Source1
0.0,Object3,Property2,356858,Source1
0.0,Object4,Property3,443586,Source1
0.0,Object4,Property2,244372,Source1
0.0,Object5,Property3,237225,Source1
0.0,Object5,Property2,142652,Source1
0.0,Object6,Property3,127261,Source1
0.0,Object6,Property2,437101,Source1
0.0,Object7,Property3,318947,Source1
0.0,Object7,Property2,390012,Source1
0.0,Object8,Property3,349934,Source1
0.0,Object8,Property2,161365,Source1
0.0,Object9,Property3,105454,Source1
0.0,Object9,Property2,271079,Source1
0.0,Object10,Property3,191549,Source1
0.0,Object10,Property2,286564,Source1
0.0,Object11,Property3,472083,Source1
0.0,Object11,Property2,247524,Source1
0.0,Object12,Property3,174745,Source1
0.0,Object12,Property2,397950,Source1
0.0,Object13,Property3,233012,Source1
0.0,Object13,Property2,498328,Source1
0.0,Object14,Property3,399216,Source1
0.0,Object14,Property2,152524,Source1
0.0,Object15,Property3,187564,Source1
0.0,Object15,Property2,286074,Source1
0.0,Object16,Property3,195968,Source1
0.0,Object16,Property2,177489,Source1
0.0,Object17,Property3,212571,Source1
0.0,Object17,Property2,476196,Source1
0.0,Object18,Property3,217879,Source1
0.0,Object18,Property2,460626,Source1
0.0,Object19,Property3,455218,Source1
0.0,Object19,Property2,217368,Source1
0.0,Object20,Property3,213904,Source1
0.0,Object20,Property2,125131,Source1
0.0,Object21,Property3,475625,Source1
0.0,Object21,Property2,233243,Source1
0.0,Object22,Property3,160334,Source1
0.0,Object22,Property2,431211,Source1
0.0,Object23,Property3,394386,Source1
0.0,Object23,Property2,361641,Source1
0.0,Object24,Property3,133025,Source1
0.0,Object24,Property2,354744,Source1
0.0,Object25,Property3,434128,Source1
0.0,Object25,Property2,161534,Source1
0.0,Object26,Property3,288034,Source1
0.0,Object26,Property2,208655,Source1
0.0,Object27,Property3,103920,Source1
0.0,Object27,Property2,435781,Source1
0.0,Object28,Property3,171230,Source1
0.0,Object28,Property2,295381,Source1
0.0,Object29,Property3,334404,Source1
0.0,Object29,Property2,206155,Source1
0.0,Object30,Property3,323728,Source1
0.0,Object30,Property2,482277,Source1
0.0,Object31,Property3,264626,Source1
0.0,Object31,Property2,188430,Source1
0.0,Object32,Property3,227720,Source1
0.0,Object32,Property2,246009,Source1
0.0,Object33,Property3,403260,Source1
0.0,Object33,Property2,471103,Source1
0.0,Object34,Property3,499431,Source1
0.0,Object34,Property2,289303,Source1
0.0,Object35,Property3,472358,Source1
0.0,Object35,Property2,476182,Source1
0.0,Object36,Property3,338869,Source1
0.0,Object36,Property2,242105,Source1
0.0,Object37,Property3,430475,Source1
0.0,Object37,Property2,487917,Source1
0.0,Object38,Property3,370265,Source1
0.0,Object38,Property2,266751,Source1
0.0,Object39,Property3,266525,Source1
0.0,Object39,Property2,175295,Source1
0.0,Object40,Property3,385028,Source1
0.0,Object40,Property2,391408,Source1
0.0,Object41,Property3,429419,Source1
0.0,Object41,Property2,419965,Source1
0.0,Object42,Property3,400003,Source1
0.0,Object42,Property2,353025,Source1
0.0,Object43,Property3,270937,Source1
0.0,Object43,Property2,231386,Source1
0.0,Object44,Property3,283827,Source1
0.0,Object44,Property2,390782,Source1
0.0,Object45,Property3,458010,Source1
0.0,Object45,Property2,228023,Source1
0.0,Object46,Property3,260710,Source1
0.0,Object46,Property2,422748,Source1
0.0,Object47,Property3,424163,Source1
0.0,Object47,Property2,228743,Source1
0.0,Object48,Property3,165935,Source1
0.0,Object48,Property2,462540,Source1
0.0,Object49,Property3,374201,Source1
0.0,Object49,Property2,347469,Source1
0.0,Object50,Property3,377040,Source1
0.0,Object50,Property2,455829,Source1
0.0,Object51,Property3,387305,Source1
0.0,Object51,Property2,320411,Source1
0.0,Object52,Property3,150593,Source1
0.0,Object52,Property2,285517,Source1
0.0,Object53,Property3,449690,Source1
0.0,Object53,Property2,490898,Source1
0.0,Object54,Property3,141189,Source1
0.0,Object54,Property2,488837,Source1
0.0,Object55,Property3,365322,Source1
0.0,Object55,Property2,372858,Source1
0.0,Object56,Property3,433311,Source1
0.0,Object56,Property2,192443,Source1
0.0,Object57,Property3,122886,Source1
0.0,Object57,Property2,229284,Source1
0.0,Object58,Property3,435459,Source1
0.0,Object58,Property2,342094,Source1
0.0,Object59,Property3,392504,Source1
0.0,Object59,Property2,192185,Source1
0.0,Object60,Property3,196523,Source1
0.0,Object60,Property2,492687,Source1
0.0,Object61,Property3,109904,Source1
0.0,Object61,Property2,193054,Source1
0.0,Object62,Property3,421842,Source1
0.0,Object62,Property2,178677,Source1
0.0,Object63,Property3,390214,Source1
0.0,Object63,Property2,396805,Source1
0.0,Object64,Property3,273850,Source1
0.0,Object64,Property2,441749,Source1
0.0,Object65,Property3,176259,Source1
0.0,Object65,Property2,412525,Source1
0.0,Object66,Property3,193909,Source1
0.0,Object66,Property2,440441,Source1
0.0,Object67,Property3,304396,Source1
0.0,Object67,Property2,399050,Source1
0.0,Object68,Property3,172311,Source1
0.0,Object68,Property2,330670,Source1
0.0,Object69,Property3,118289,Source1
0.0,Object69,Property2,464469,Source1
0.0,Object70,Property3,105791,Source1
0.0,Object70,Property2,145663,Source1
0.0,Object71,Property3,372694,Source1
0.0,Object71,Property2,362131,Source1
0.0,Object72,Property3,155791,Source1
0.0,Object72,Property2,346336,Source1
0.0,Object73,Property3,372999,Source1
0.0,Object73,Property2,237019,Source1
0.0,Object74,Property3,294780,Source1
0.0,Object74,Property2,378544,Source1
0.0,Object75,Property3,222643,Source1
0.0,Object75,Property2,266813,Source1
0.0,Object76,Property3,227575,Source1
0.0,Object76,Property2,112562,Source1
0.0,Object77,Property3,331358,Source1
0.0,Object77,Property2,314850,Source1
0.0,Object78,Property3,172188,Source1
0.0,Object78,Property2,450956,Source1
0.0,Object79,Property3,304581,Source1
0.0,Object79,Property2,492293,Source1
0.0,Object80,Property3,221701,Source1
0.0,Object80,Property2,238762,Source1
0.0,Object81,Property3,406659,Source1
0.0,Object81,Property2,498445,Source1
0.0,Object82,Property3,160737,Source1
0.0,Object82,Property2,229233,Source1
0.0,Object83,Property3,354225,Source1
0.0,Object83,Property2,232314,Source1
0.0,Object84,Property3,257808,Source1
0.0,Object84,Property2,189055,Source1
0.0,Object85,Property3,314953,Source1
0.0,Object85,Property2,467663,Source1
0.0,Object86,Property3,156433,Source1
0.0,Object86,Property2,125277,Source1
0.0,Object87,Property3,149406,Source1
0.0,Object87,Property2,173255,Source1
0.0,Object88,Property3,477401,Source1
0.0,Object88,Property2,301699,Source1
0.0,Object89,Property3,201663,Source1
0.0,Object89,Property2,408775,Source1
0.0,Object90,Property3,108080,Source1
0.0,Object90,Property2,196009,Source1
0.0,Object91,Property3,118860,Source1
0.0,Object91,Property2,371569,Source1
0.0,Object92,Property3,281031,Source1
0.0,Object92,Property2,152860,Source1
0.0,Object93,Property3,492505,Source1
0.0,Object93,Property2,148191,Source1
0.0,Object94,Property3,113823,Source1
0.0,Object94,Property2,347638,Source1
0.0,Object95,Property3,407797,Source1
0.0,Object95,Property2,179726,Source1
0.0,Object96,Property3,266835,Source1
0.0,Object96,Property2,260701,Source1
0.0,Object97,Property3,109316,Source1
0.0,Object97,Property2,200490,Source1
0.0,Object98,Property3,187058,Source1
0.0,Object98,Property2,267912,Source1
0.0,Object99,Property3,150316,Source1
0.0,Object99,Property2,125162,Source1
0.0,Object100,Property3,153071,Source1
0.0,Object100,Property2,244443,Source1
0.0,Object1,Property3,418886,Source3
0.0,Object1,Property2,354490,Source3
0.0,Object2,Property3,225299,Source3
0.0,Object2,Property2,359195,Source3
0.0,Object3,Property3,345497,Source3
0.0,Object3,Property2,356858,Source3
0.0,Object4,Property3,443586,Source3
0.0,Object4,Property2,244372,Source3
0.0,Object5,Property3,237225,Source3
0.0,Object5,Property2,142652,Source3
0.0,Object6,Property3,127261,Source3
0.0,Object6,Property2,437101,Source3
0.0,Object7,Property3,318947,Source3
0.0,Object7,Property2,390012,Source3
0.0,Object8,Property3,349934,Source3
0.0,Object8,Property2,161365,Source3
0.0,Object9,Property3,105454,Source3
0.0,Object9,Property2,271079,Source3
0.0,Object10,Property3,191549,Source3
0.0,Object10,Property2,286564,Source3
0.0,Object11,Property3,472083,Source3
0.0,Object11,Property2,247524,Source3
0.0,Object12,Property3,174745,Source3
0.0,Object12,Property2,397950,Source3
0.0,Object13,Property3,233012,Source3
0.0,Object13,Property2,498328,Source3
0.0,Object14,Property3,399216,Source3
0.0,Object14,Property2,152524,Source3
0.0,Object15,Property3,187564,Source3
0.0,Object15,Property2,286074,Source3
0.0,Object16,Property3,195968,Source3
0.0,Object16,Property2,177489,Source3
0.0,Object17,Property3,212571,Source3
0.0,Object17,Property2,476196,Source3
0.0,Object18,Property3,217879,Source3
0.0,Object18,Property2,460626,Source3
0.0,Object19,Property3,455218,Source3
0.0,Object19,Property2,217368,Source3
0.0,Object20,Property3,213904,Source3
0.0,Object20,Property2,125131,Source3
0.0,Object21,Property3,475625,Source3
0.0,Object21,Property2,233243,Source3
0.0,Object22,Property3,160334,Source3
0.0,Object22,Property2,431211,Source3
0.0,Object23,Property3,394386,Source3
0.0,Object23,Property2,361641,Source3
0.0,Object24,Property3,133025,Source3
0.0,Object24,Property2,354744,Source3
0.0,Object25,Property3,434128,Source3
0.0,Object25,Property2,161534,Source3
0.0,Object26,Property3,288034,Source3
0.0,Object26,Property2,208655,Source3
0.0,Object27,Property3,103920,Source3
0.0,Object27,Property2,435781,Source3
0.0,Object28,Property3,171230,Source3
0.0,Object28,Property2,295381,Source3
0.0,Object29,Property3,334404,Source3
0.0,Object29,Property2,206155,Source3
0.0,Object30,Property3,323728,Source3
0.0,Object30,Property2,482277,Source3
0.0,Object31,Property3,264626,Source3
0.0,Object31,Property2,188430,Source3
0.0,Object32,Property3,227720,Source3
0.0,Object32,Property2,246009,Source3
0.0,Object33,Property3,403260,Source3
0.0,Object33,Property2,471103,Source3
0.0,Object34,Property3,499431,Source3
0.0,Object34,Property2,289303,Source3
0.0,Object35,Property3,472358,Source3
0.0,Object35,Property2,476182,Source3
0.0,Object36,Property3,338869,Source3
0.0,Object36,Property2,242105,Source3
0.0,Object37,Property3,430475,Source3
0.0,Object37,Property2,487917,Source3
0.0,Object38,Property3,370265,Source3
0.0,Object38,Property2,266751,Source3
0.0,Object39,Property3,266525,Source3
0.0,Object39,Property2,175295,Source3
0.0,Object40,Property3,385028,Source3
0.0,Object40,Property2,391408,Source3
0.0,Object41,Property3,429419,Source3
0.0,Object41,Property2,419965,Source3
0.0,Object42,Property3,400003,Source3
0.0,Object42,Property2,353025,Source3
0.0,Object43,Property3,270937,Source3
0.0,Object43,Property2,231386,Source3
0.0,Object44,Property3,283827,Source3
0.0,Object44,Property2,390782,Source3
0.0,Object45,Property3,458010,Source3
0.0,Object45,Property2,228023,Source3
0.0,Object46,Property3,260710,Source3
0.0,Object46,Property2,422748,Source3
0.0,Object47,Property3,424163,Source3
0.0,Object47,Property2,228743,Source3
0.0,Object48,Property3,165935,Source3
0.0,Object48,Property2,462540,Source3
0.0,Object49,Property3,374201,Source3
0.0,Object49,Property2,347469,Source3
0.0,Object50,Property3,377040,Source3
0.0,Object50,Property2,455829,Source3
0.0,Object51,Property3,387305,Source3
0.0,Object51,Property2,320411,Source3
0.0,Object52,Property3,150593,Source3
0.0,Object52,Property2,285517,Source3
0.0,Object53,Property3,449690,Source3
0.0,Object53,Property2,490898,Source3
0.0,Object54,Property3,141189,Source3
0.0,Object54,Property2,488837,Source3
0.0,Object55,Property3,365322,Source3
0.0,Object55,Property2,372858,Source3
0.0,Object56,Property3,433311,Source3
0.0,Object56,Property2,192443,Source3
0.0,Object57,Property3,122886,Source3
0.0,Object57,Property2,229284,Source3
0.0,Object58,Property3,435459,Source3
0.0,Object58,Property2,342094,Source3
0.0,Object59,Property3,392504,Source3
0.0,Object59,Property2,192185,Source3
0.0,Object60,Property3,196523,Source3
0.0,Object60,Property2,492687,Source3
0.0,Object61,Property3,109904,Source3
0.0,Object61,Property2,193054,Source3
0.0,Object62,Property3,421842,Source3
0.0,Object62,Property2,178677,Source3
0.0,Object63,Property3,390214,Source3
0.0,Object63,Property2,396805,Source3
0.0,Object64,Property3,273850,Source3
0.0,Object64,Property2,441749,Source3
0.0,Object65,Property3,176259,Source3
0.0,Object65,Property2,412525,Source3
0.0,Object66,Property3,193909,Source3
0.0,Object66,Property2,440441,Source3
0.0,Object67,Property3,304396,Source3
0.0,Object67,Property2,399050,Source3
0.0,Object68,Property3,172311,Source3
0.0,Object68,Property2,330670,Source3
0.0,Object69,Property3,118289,Source3
0.0,Object69,Property2,464469,Source3
0.0,Object70,Property3,105791,Source3
0.0,Object70,Property2,145663,Source3
0.0,Object71,Property3,372694,Source3
0.0,Object71,Property2,838216,Source3
0.0,Object72,Property3,883587,Source3
0.0,Object72,Property2,572406,Source3
0.0,Object73,Property3,506265,Source3
0.0,Object73,Property2,525599,Source3
0.0,Object74,Property3,521316,Source3
0.0,Object74,Property2,642230,Source3
0.0,Object75,Property3,907785,Source3
0.0,Object75,Property2,741226,Source3
0.0,Object76,Property3,782899,Source3
0.0,Object76,Property2,790320,Source3
0.0,Object77,Property3,628378,Source3
0.0,Object77,Property2,976015,Source3
0.0,Object78,Property3,778611,Source3
0.0,Object78,Property2,804405,Source3
0.0,Object79,Property3,952943,Source3
0.0,Object79,Property2,798264,Source3
0.0,Object80,Property3,661820,Source3
0.0,Object80,Property2,943895,Source3
0.0,Object81,Property3,534034,Source3
0.0,Object81,Property2,574332,Source3
0.0,Object82,Property3,928782,Source3
0.0,Object82,Property2,813689,Source3
0.0,Object83,Property3,590892,Source3
0.0,Object83,Property2,541935,Source3
0.0,Object84,Property3,920399,Source3
0.0,Object84,Property2,801390,Source3
0.0,Object85,Property3,714285,Source3
0.0,Object85,Property2,792861,Source3
0.0,Object86,Property3,893724,Source3
0.0,Object86,Property2,972938,Source3
0.0,Object87,Property3,951730,Source3
0.0,Object87,Property2,733871,Source3
0.0,Object88,Property3,885440,Source3
0.0,Object88,Property2,855989,Source3
0.0,Object89,Property3,523952,Source3
0.0,Object89,Property2,647173,Source3
0.0,Object90,Property3,806522,Source3
0.0,Object90,Property2,627629,Source3
0.0,Object91,Property3,929864,Source3
0.0,Object91,Property2,893966,Source3
0.0,Object92,Property3,797239,Source3
0.0,Object92,Property2,901341,Source3
0.0,Object93,Property3,569655,Source3
0.0,Object93,Property2,841510,Source3
0.0,Object94,Property3,917029,Source3
0.0,Object94,Property2,519531,Source3
0.0,Object95,Property3,578373,Source3
0.0,Object95,Property2,788267,Source3
0.0,Object96,Property3,706829,Source3
0.0,Object96,Property2,702461,Source3
0.0,Object97,Property3,725576,Source3
0.0,Object97,Property2,689733,Source3
0.0,Object98,Property3,898713,Source3
0.0,Object98,Property2,520498,Source3
0.0,Object99,Property3,656012,Source3
0.0,Object99,Property2,850022,Source3
0.0,Object100,Property3,878254,Source3
0.0,Object100,Property2,824341,Source3
0.0,Object1,Property3,418886,Source5
0.0,Object1,Property2,354490,Source5
0.0,Object2,Property3,225299,Source5
0.0,Object2,Property2,359195,Source5
0.0,Object3,Property3,345497,Source5
0.0,Object3,Property2,356858,Source5
0.0,Object4,Property3,443586,Source5
0.0,Object4,Property2,244372,Source5
0.0,Object5,Property3,237225,Source5
0.0,Object5,Property2,142652,Source5
0.0,Object6,Property3,127261,Source5
0.0,Object6,Property2,437101,Source5
0.0,Object7,Property3,318947,Source5
0.0,Object7,Property2,390012,Source5
0.0,Object8,Property3,349934,Source5
0.0,Object8,Property2,161365,Source5
0.0,Object9,Property3,105454,Source5
0.0,Object9,Property2,271079,Source5
0.0,Object10,Property3,191549,Source5
0.0,Object10,Property2,286564,Source5
0.0,Object11,Property3,472083,Source5
0.0,Object11,Property2,247524,Source5
0.0,Object12,Property3,174745,Source5
0.0,Object12,Property2,397950,Source5
0.0,Object13,Property3,233012,Source5
0.0,Object13,Property2,498328,Source5
0.0,Object14,Property3,399216,Source5
0.0,Object14,Property2,152524,Source5
0.0,Object15,Property3,187564,Source5
0.0,Object15,Property2,286074,Source5
0.0,Object16,Property3,195968,Source5
0.0,Object16,Property2,177489,Source5
0.0,Object17,Property3,212571,Source5
0.0,Object17,Property2,476196,Source5
0.0,Object18,Property3,217879,Source5
0.0,Object18,Property2,460626,Source5
0.0,Object19,Property3,455218,Source5
0.0,Object19,Property2,217368,Source5
0.0,Object20,Property3,213904,Source5
0.0,Object20,Property2,125131,Source5
0.0,Object21,Property3,475625,Source5
0.0,Object21,Property2,233243,Source5
0.0,Object22,Property3,160334,Source5
0.0,Object22,Property2,431211,Source5
0.0,Object23,Property3,394386,Source5
0.0,Object23,Property2,361641,Source5
0.0,Object24,Property3,133025,Source5
0.0,Object24,Property2,354744,Source5
0.0,Object25,Property3,434128,Source5
0.0,Object25,Property2,161534,Source5
0.0,Object26,Property3,288034,Source5
0.0,Object26,Property2,208655,Source5
0.0,Object27,Property3,103920,Source5
0.0,Object27,Property2,435781,Source5
0.0,Object28,Property3,171230,Source5
0.0,Object28,Property2,295381,Source5
0.0,Object29,Property3,334404,Source5
0.0,Object29,Property2,206155,Source5
0.0,Object30,Property3,323728,Source5
0.0,Object30,Property2,482277,Source5
0.0,Object31,Property3,264626,Source5
0.0,Object31,Property2,188430,Source5
0.0,Object32,Property3,227720,Source5
0.0,Object32,Property2,246009,Source5
0.0,Object33,Property3,403260,Source5
0.0,Object33,Property2,471103,Source5
0.0,Object34,Property3,499431,Source5
0.0,Object34,Property2,289303,Source5
0.0,Object35,Property3,472358,Source5
0.0,Object35,Property2,476182,Source5
0.0,Object36,Property3,338869,Source5
0.0,Object36,Property2,242105,Source5
0.0,Object37,Property3,430475,Source5
0.0,Object37,Property2,487917,Source5
0.0,Object38,Property3,370265,Source5
0.0,Object38,Property2,266751,Source5
0.0,Object39,Property3,266525,Source5
0.0,Object39,Property2,175295,Source5
0.0,Object40,Property3,385028,Source5
0.0,Object40,Property2,391408,Source5
0.0,Object41,Property3,429419,Source5
0.0,Object41,Property2,419965,Source5
0.0,Object42,Property3,400003,Source5
0.0,Object42,Property2,353025,Source5
0.0,Object43,Property3,270937,Source5
0.0,Object43,Property2,231386,Source5
0.0,Object44,Property3,283827,Source5
0.0,Object44,Property2,390782,Source5
0.0,Object45,Property3,458010,Source5
0.0,Object45,Property2,228023,Source5
0.0,Object46,Property3,260710,Source5
0.0,Object46,Property2,422748,Source5
0.0,Object47,Property3,424163,Source5
0.0,Object47,Property2,228743,Source5
0.0,Object48,Property3,165935,Source5
0.0,Object48,Property2,462540,Source5
0.0,Object49,Property3,374201,Source5
0.0,Object49,Property2,896248,Source5
0.0,Object50,Property3,944885,Source5
0.0,Object50,Property2,733019,Source5
0.0,Object51,Property3,643895,Source5
0.0,Object51,Property2,849956,Source5
0.0,Object52,Property3,512274,Source5
0.0,Object52,Property2,904096,Source5
0.0,Object53,Property3,751537,Source5
0.0,Object53,Property2,693191,Source5
0.0,Object54,Property3,883256,Source5
0.0,Object54,Property2,977481,Source5
0.0,Object55,Property3,926960,Source5
0.0,Object55,Property2,573217,Source5
0.0,Object56,Property3,727638,Source5
0.0,Object56,Property2,520733,Source5
0.0,Object57,Property3,571767,Source5
0.0,Object57,Property2,939835,Source5
0.0,Object58,Property3,634411,Source5
0.0,Object58,Property2,948001,Source5
0.0,Object59,Property3,664691,Source5
0.0,Object59,Property2,956479,Source5
0.0,Object60,Property3,891206,Source5
0.0,Object60,Property2,819585,Source5
0.0,Object61,Property3,660731,Source5
0.0,Object61,Property2,644900,Source5
0.0,Object62,Property3,759293,Source5
0.0,Object62,Property2,835711,Source5
0.0,Object63,Property3,780732,Source5
0.0,Object63,Property2,895340,Source5
0.0,Object64,Property3,987505,Source5
0.0,Object64,Property2,596238,Source5
0.0,Object65,Property3,590343,Source5
0.0,Object65,Property2,900989,Source5
0.0,Object66,Property3,611151,Source5
0.0,Object66,Property2,618040,Source5
0.0,Object67,Property3,715872,Source5
0.0,Object67,Property2,909391,Source5
0.0,Object68,Property3,794623,Source5
0.0,Object68,Property2,856759,Source5
0.0,Object69,Property3,841191,Source5
0.0,Object69,Property2,967890,Source5
0.0,Object70,Property3,608770,Source5
0.0,Object70,Property2,773222,Source5
0.0,Object71,Property3,904759,Source5
0.0,Object71,Property2,856969,Source5
0.0,Object72,Property3,692035,Source5
0.0,Object72,Property2,989635,Source5
0.0,Object73,Property3,870371,Source5
0.0,Object73,Property2,754386,Source5
0.0,Object74,Property3,975610,Source5
0.0,Object74,Property2,982880,Source5
0.0,Object75,Property3,629791,Source5
0.0,Object75,Property2,766487,Source5
0.0,Object76,Property3,620789,Source5
0.0,Object76,Property2,775443,Source5
0.0,Object77,Property3,961667,Source5
0.0,Object77,Property2,829728,Source5
0.0,Object78,Property3,792515,Source5
0.0,Object78,Property2,646589,Source5
0.0,Object79,Property3,897548,Source5
0.0,Object79,Property2,829607,Source5
0.0,Object80,Property3,661820,Source5
0.0,Object80,Property2,564950,Source5
0.0,Object81,Property3,571812,Source5
0.0,Object81,Property2,635115,Source5
0.0,Object82,Property3,962240,Source5
0.0,Object82,Property2,893407,Source5
0.0,Object83,Property3,884095,Source5
0.0,Object83,Property2,910607,Source5
0.0,Object84,Property3,552817,Source5
0.0,Object84,Property2,947116,Source5
0.0,Object85,Property3,554353,Source5
0.0,Object85,Property2,648905,Source5
0.0,Object86,Property3,530458,Source5
0.0,Object86,Property2,809186,Source5
0.0,Object87,Property3,834654,Source5
0.0,Object87,Property2,993419,Source5
0.0,Object88,Property3,694327,Source5
0.0,Object88,Property2,872712,Source5
0.0,Object89,Property3,866474,Source5
0.0,Object89,Property2,573299,Source5
0.0,Object90,Property3,994125,Source5
0.0,Object90,Property2,692156,Source5
0.0,Object91,Property3,682933,Source5
0.0,Object91,Property2,989089,Source5
0.0,Object92,Property3,549098,Source5
0.0,Object92,Property2,525439,Source5
0.0,Object93,Property3,821658,Source5
0.0,Object93,Property2,841510,Source5
0.0,Object94,Property3,632320,Source5
0.0,Object94,Property2,638801,Source5
0.0,Object95,Property3,919670,Source5
0.0,Object95,Property2,811903,Source5
0.0,Object96,Property3,982424,Source5
0.0,Object96,Property2,554174,Source5
0.0,Object97,Property3,507390,Source5
0.0,Object97,Property2,683528,Source5
0.0,Object98,Property3,689415,Source5
0.0,Object98,Property2,745558,Source5
0.0,Object99,Property3,561284,Source5
0.0,Object99,Property2,850022,Source5
0.0,Object100,Property3,962434,Source5
0.0,Object100,Property2,824341,Source5
0.0,Object1,Property3,726747,Source2
0.0,Object1,Property2,949027,Source2
0.0,Object2,Property3,893422,Source2
0.0,Object2,Property2,909412,Source2
0.0,Object3,Property3,980287,Source2
0.0,Object3,Property2,786460,Source2
0.0,Object4,Property3,867431,Source2
0.0,Object4,Property2,540183,Source2
0.0,Object5,Property3,936723,Source2
0.0,Object5,Property2,544222,Source2
0.0,Object6,Property3,716644,Source2
0.0,Object6,Property2,806818,Source2
0.0,Object7,Property3,944562,Source2
0.0,Object7,Property2,595598,Source2
0.0,Object8,Property3,500236,Source2
0.0,Object8,Property2,871465,Source2
0.0,Object9,Property3,653592,Source2
0.0,Object9,Property2,678926,Source2
0.0,Object10,Property3,792293,Source2
0.0,Object10,Property2,796422,Source2
0.0,Object11,Property3,938377,Source2
0.0,Object11,Property2,874122,Source2
0.0,Object12,Property3,938849,Source2
0.0,Object12,Property2,959229,Source2
0.0,Object13,Property3,768866,Source2
0.0,Object13,Property2,793722,Source2
0.0,Object14,Property3,569743,Source2
0.0,Object14,Property2,891694,Source2
0.0,Object15,Property3,733190,Source2
0.0,Object15,Property2,607443,Source2
0.0,Object16,Property3,893170,Source2
0.0,Object16,Property2,609915,Source2
0.0,Object17,Property3,989256,Source2
0.0,Object17,Property2,699728,Source2
0.0,Object18,Property3,616123,Source2
0.0,Object18,Property2,630964,Source2
0.0,Object19,Property3,589115,Source2
0.0,Object19,Property2,971289,Source2
0.0,Object20,Property3,721361,Source2
0.0,Object20,Property2,588564,Source2
0.0,Object21,Property3,780421,Source2
0.0,Object21,Property2,811398,Source2
0.0,Object22,Property3,830070,Source2
0.0,Object22,Property2,693256,Source2
0.0,Object23,Property3,910734,Source2
0.0,Object23,Property2,595282,Source2
0.0,Object24,Property3,813690,Source2
0.0,Object24,Property2,745902,Source2
0.0,Object25,Property3,553190,Source2
0.0,Object25,Property2,626481,Source2
0.0,Object26,Property3,512531,Source2
0.0,Object26,Property2,877416,Source2
0.0,Object27,Property3,522836,Source2
0.0,Object27,Property2,710554,Source2
0.0,Object28,Property3,925293,Source2
0.0,Object28,Property2,648141,Source2
0.0,Object29,Property3,894689,Source2
0.0,Object29,Property2,635302,Source2
0.0,Object30,Property3,571146,Source2
0.0,Object30,Property2,602835,Source2
0.0,Object31,Property3,751222,Source2
0.0,Object31,Property2,906717,Source2
0.0,Object32,Property3,738598,Source2
0.0,Object32,Property2,549923,Source2
0.0,Object33,Property3,894251,Source2
0.0,Object33,Property2,869164,Source2
0.0,Object34,Property3,503279,Source2
0.0,Object34,Property2,604827,Source2
0.0,Object35,Property3,618802,Source2
0.0,Object35,Property2,628893,Source2
0.0,Object36,Property3,773395,Source2
0.0,Object36,Property2,640252,Source2
0.0,Object37,Property3,981705,Source2
0.0,Object37,Property2,633874,Source2
0.0,Object38,Property3,716096,Source2
0.0,Object38,Property2,504425,Source2
0.0,Object39,Property3,531233,Source2
0.0,Object39,Property2,884318,Source2
0.0,Object40,Property3,711880,Source2
0.0,Object40,Property2,912560,Source2
0.0,Object41,Property3,523883,Source2
0.0,Object41,Property2,643215,Source2
0.0,Object42,Property3,857231,Source2
0.0,Object42,Property2,881936,Source2
0.0,Object43,Property3,961844,Source2
0.0,Object43,Property2,721134,Source2
0.0,Object44,Property3,982630,Source2
0.0,Object44,Property2,657084,Source2
0.0,Object45,Property3,795926,Source2
0.0,Object45,Property2,983758,Source2
0.0,Object46,Property3,913690,Source2
0.0,Object46,Property2,929835,Source2
0.0,Object47,Property3,712955,Source2
0.0,Object47,Property2,614771,Source2
0.0,Object48,Property3,874245,Source2
0.0,Object48,Property2,810543,Source2
0.0,Object49,Property3,990758,Source2
0.0,Object49,Property2,962622,Source2
0.0,Object50,Property3,788487,Source2
0.0,Object50,Property2,996143,Source2
0.0,Object51,Property3,887001,Source2
0.0,Object51,Property2,659778,Source2
0.0,Object52,Property3,908055,Source2
0.0,Object52,Property2,971299,Source2
0.0,Object53,Property3,753501,Source2
0.0,Object53,Property2,951034,Source2
0.0,Object54,Property3,858082,Source2
0.0,Object54,Property2,884902,Source2
0.0,Object55,Property3,876183,Source2
0.0,Object55,Property2,611723,Source2
0.0,Object56,Property3,727638,Source2
0.0,Object56,Property2,780565,Source2
0.0,Object57,Property3,661803,Source2
0.0,Object57,Property2,745066,Source2
0.0,Object58,Property3,762329,Source2
0.0,Object58,Property2,994016,Source2
0.0,Object59,Property3,596401,Source2
0.0,Object59,Property2,952621,Source2
0.0,Object60,Property3,594462,Source2
0.0,Object60,Property2,633964,Source2
0.0,Object61,Property3,725946,Source2
0.0,Object61,Property2,824975,Source2
0.0,Object62,Property3,997493,Source2
0.0,Object62,Property2,758002,Source2
0.0,Object63,Property3,791743,Source2
0.0,Object63,Property2,731694,Source2
0.0,Object64,Property3,893099,Source2
0.0,Object64,Property2,768428,Source2
0.0,Object65,Property3,725772,Source2
0.0,Object65,Property2,625705,Source2
0.0,Object66,Property3,931120,Source2
0.0,Object66,Property2,833211,Source2
0.0,Object67,Property3,573376,Source2
0.0,Object67,Property2,805995,Source2
0.0,Object68,Property3,750475,Source2
0.0,Object68,Property2,511165,Source2
0.0,Object69,Property3,887461,Source2
0.0,Object69,Property2,743272,Source2
0.0,Object70,Property3,524586,Source2
0.0,Object70,Property2,850290,Source2
0.0,Object71,Property3,961491,Source2
0.0,Object71,Property2,851359,Source2
0.0,Object72,Property3,883587,Source2
0.0,Object72,Property2,934600,Source2
0.0,Object73,Property3,943038,Source2
0.0,Object73,Property2,902710,Source2
0.0,Object74,Property3,995144,Source2
0.0,Object74,Property2,911888,Source2
0.0,Object75,Property3,823155,Source2
0.0,Object75,Property2,825670,Source2
0.0,Object76,Property3,708881,Source2
0.0,Object76,Property2,862997,Source2
0.0,Object77,Property3,841800,Source2
0.0,Object77,Property2,797801,Source2
0.0,Object78,Property3,626068,Source2
0.0,Object78,Property2,852266,Source2
0.0,Object79,Property3,952943,Source2
0.0,Object79,Property2,886797,Source2
0.0,Object80,Property3,830612,Source2
0.0,Object80,Property2,564950,Source2
0.0,Object81,Property3,860143,Source2
0.0,Object81,Property2,648535,Source2
0.0,Object82,Property3,742259,Source2
0.0,Object82,Property2,784626,Source2
0.0,Object83,Property3,590892,Source2
0.0,Object83,Property2,948169,Source2
0.0,Object84,Property3,892114,Source2
0.0,Object84,Property2,614824,Source2
0.0,Object85,Property3,928851,Source2
0.0,Object85,Property2,985775,Source2
0.0,Object86,Property3,780128,Source2
0.0,Object86,Property2,763442,Source2
0.0,Object87,Property3,905523,Source2
0.0,Object87,Property2,974692,Source2
0.0,Object88,Property3,815716,Source2
0.0,Object88,Property2,834589,Source2
0.0,Object89,Property3,654016,Source2
0.0,Object89,Property2,840378,Source2
0.0,Object90,Property3,767770,Source2
0.0,Object90,Property2,692156,Source2
0.0,Object91,Property3,823875,Source2
0.0,Object91,Property2,989089,Source2
0.0,Object92,Property3,857541,Source2
0.0,Object92,Property2,761419,Source2
0.0,Object93,Property3,846874,Source2
0.0,Object93,Property2,956853,Source2
0.0,Object94,Property3,621116,Source2
0.0,Object94,Property2,712997,Source2
0.0,Object95,Property3,679142,Source2
0.0,Object95,Property2,629616,Source2
0.0,Object96,Property3,893364,Source2
0.0,Object96,Property2,828056,Source2
0.0,Object97,Property3,725576,Source2
0.0,Object97,Property2,770490,Source2
0.0,Object98,Property3,874847,Source2
0.0,Object98,Property2,837991,Source2
0.0,Object99,Property3,513706,Source2
0.0,Object99,Property2,596802,Source2
0.0,Object100,Property3,535270,Source2
0.0,Object100,Property2,824341,Source2
0.0,Object1,Property3,534157,Source4
0.0,Object1,Property2,598158,Source4
0.0,Object2,Property3,574397,Source4
0.0,Object2,Property2,511903,Source4
0.0,Object3,Property3,879764,Source4
0.0,Object3,Property2,849854,Source4
0.0,Object4,Property3,558041,Source4
0.0,Object4,Property2,678531,Source4
0.0,Object5,Property3,756935,Source4
0.0,Object5,Property2,978171,Source4
0.0,Object6,Property3,933704,Source4
0.0,Object6,Property2,566237,Source4
0.0,Object7,Property3,824481,Source4
0.0,Object7,Property2,766126,Source4
0.0,Object8,Property3,940210,Source4
0.0,Object8,Property2,641778,Source4
0.0,Object9,Property3,924897,Source4
0.0,Object9,Property2,677876,Source4
0.0,Object10,Property3,552880,Source4
0.0,Object10,Property2,971812,Source4
0.0,Object11,Property3,938377,Source4
0.0,Object11,Property2,689813,Source4
0.0,Object12,Property3,707765,Source4
0.0,Object12,Property2,627369,Source4
0.0,Object13,Property3,902983,Source4
0.0,Object13,Property2,554681,Source4
0.0,Object14,Property3,848496,Source4
0.0,Object14,Property2,869490,Source4
0.0,Object15,Property3,921367,Source4
0.0,Object15,Property2,740771,Source4
0.0,Object16,Property3,771655,Source4
0.0,Object16,Property2,859162,Source4
0.0,Object17,Property3,566956,Source4
0.0,Object17,Property2,778883,Source4
0.0,Object18,Property3,666369,Source4
0.0,Object18,Property2,637607,Source4
0.0,Object19,Property3,589115,Source4
0.0,Object19,Property2,511597,Source4
0.0,Object20,Property3,505951,Source4
0.0,Object20,Property2,840397,Source4
0.0,Object21,Property3,972034,Source4
0.0,Object21,Property2,929215,Source4
0.0,Object22,Property3,643346,Source4
0.0,Object22,Property2,944594,Source4
0.0,Object23,Property3,535444,Source4
0.0,Object23,Property2,830352,Source4
0.0,Object24,Property3,504043,Source4
0.0,Object24,Property2,698859,Source4
0.0,Object25,Property3,753386,Source4
0.0,Object25,Property2,729697,Source4
0.0,Object26,Property3,638199,Source4
0.0,Object26,Property2,544170,Source4
0.0,Object27,Property3,735166,Source4
0.0,Object27,Property2,591970,Source4
0.0,Object28,Property3,577288,Source4
0.0,Object28,Property2,901068,Source4
0.0,Object29,Property3,894689,Source4
0.0,Object29,Property2,764991,Source4
0.0,Object30,Property3,765335,Source4
0.0,Object30,Property2,678583,Source4
0.0,Object31,Property3,685244,Source4
0.0,Object31,Property2,555015,Source4
0.0,Object32,Property3,771840,Source4
0.0,Object32,Property2,870773,Source4
0.0,Object33,Property3,863738,Source4
0.0,Object33,Property2,931908,Source4
0.0,Object34,Property3,563760,Source4
0.0,Object34,Property2,618153,Source4
0.0,Object35,Property3,581180,Source4
0.0,Object35,Property2,691529,Source4
0.0,Object36,Property3,704096,Source4
0.0,Object36,Property2,631017,Source4
0.0,Object37,Property3,998776,Source4
0.0,Object37,Property2,818664,Source4
0.0,Object38,Property3,789109,Source4
0.0,Object38,Property2,905974,Source4
0.0,Object39,Property3,531233,Source4
0.0,Object39,Property2,723122,Source4
0.0,Object40,Property3,948676,Source4
0.0,Object40,Property2,529143,Source4
0.0,Object41,Property3,815382,Source4
0.0,Object41,Property2,774158,Source4
0.0,Object42,Property3,860709,Source4
0.0,Object42,Property2,849260,Source4
0.0,Object43,Property3,531244,Source4
0.0,Object43,Property2,721134,Source4
0.0,Object44,Property3,610671,Source4
0.0,Object44,Property2,835157,Source4
0.0,Object45,Property3,898703,Source4
0.0,Object45,Property2,504213,Source4
0.0,Object46,Property3,913690,Source4
0.0,Object46,Property2,835057,Source4
0.0,Object47,Property3,957510,Source4
0.0,Object47,Property2,837534,Source4
0.0,Object48,Property3,569639,Source4
0.0,Object48,Property2,913395,Source4
0.0,Object49,Property3,543299,Source4
0.0,Object49,Property2,996832,Source4
0.0,Object50,Property3,774250,Source4
0.0,Object50,Property2,738174,Source4
0.0,Object51,Property3,999894,Source4
0.0,Object51,Property2,881706,Source4
0.0,Object52,Property3,616646,Source4
0.0,Object52,Property2,981805,Source4
0.0,Object53,Property3,869198,Source4
0.0,Object53,Property2,867195,Source4
0.0,Object54,Property3,683475,Source4
0.0,Object54,Property2,971365,Source4
0.0,Object55,Property3,971698,Source4
0.0,Object55,Property2,609247,Source4
0.0,Object56,Property3,676601,Source4
0.0,Object56,Property2,667975,Source4
0.0,Object57,Property3,856233,Source4
0.0,Object57,Property2,918708,Source4
0.0,Object58,Property3,828550,Source4
0.0,Object58,Property2,828644,Source4
0.0,Object59,Property3,540891,Source4
0.0,Object59,Property2,596057,Source4
0.0,Object60,Property3,699594,Source4
0.0,Object60,Property2,719492,Source4
0.0,Object61,Property3,624169,Source4
0.0,Object61,Property2,824975,Source4
0.0,Object62,Property3,708443,Source4
0.0,Object62,Property2,653536,Source4
0.0,Object63,Property3,791743,Source4
0.0,Object63,Property2,838590,Source4
0.0,Object64,Property3,780119,Source4
0.0,Object64,Property2,596238,Source4
0.0,Object65,Property3,999673,Source4
0.0,Object65,Property2,872449,Source4
0.0,Object66,Property3,735992,Source4
0.0,Object66,Property2,869586,Source4
0.0,Object67,Property3,718348,Source4
0.0,Object67,Property2,673241,Source4
0.0,Object68,Property3,750475,Source4
0.0,Object68,Property2,786412,Source4
0.0,Object69,Property3,818880,Source4
0.0,Object69,Property2,880734,Source4
0.0,Object70,Property3,632703,Source4
0.0,Object70,Property2,626351,Source4
0.0,Object71,Property3,865359,Source4
0.0,Object71,Property2,585521,Source4
0.0,Object72,Property3,749367,Source4
0.0,Object72,Property2,876686,Source4
0.0,Object73,Property3,716369,Source4
0.0,Object73,Property2,698610,Source4
0.0,Object74,Property3,566610,Source4
0.0,Object74,Property2,642230,Source4
0.0,Object75,Property3,626910,Source4
0.0,Object75,Property2,546804,Source4
0.0,Object76,Property3,755232,Source4
0.0,Object76,Property2,732291,Source4
0.0,Object77,Property3,514979,Source4
0.0,Object77,Property2,821163,Source4
0.0,Object78,Property3,662904,Source4
0.0,Object78,Property2,960852,Source4
0.0,Object79,Property3,680349,Source4
0.0,Object79,Property2,886797,Source4
0.0,Object80,Property3,942037,Source4
0.0,Object80,Property2,812265,Source4
0.0,Object81,Property3,534034,Source4
0.0,Object81,Property2,952656,Source4
0.0,Object82,Property3,975002,Source4
0.0,Object82,Property2,995179,Source4
0.0,Object83,Property3,589168,Source4
0.0,Object83,Property2,541935,Source4
0.0,Object84,Property3,742807,Source4
0.0,Object84,Property2,947116,Source4
0.0,Object85,Property3,554353,Source4
0.0,Object85,Property2,767998,Source4
0.0,Object86,Property3,715309,Source4
0.0,Object86,Property2,652322,Source4
0.0,Object87,Property3,814338,Source4
0.0,Object87,Property2,687168,Source4
0.0,Object88,Property3,917670,Source4
0.0,Object88,Property2,552064,Source4
0.0,Object89,Property3,869212,Source4
0.0,Object89,Property2,647173,Source4
0.0,Object90,Property3,638815,Source4
0.0,Object90,Property2,897605,Source4
0.0,Object91,Property3,557996,Source4
0.0,Object91,Property2,704272,Source4
0.0,Object92,Property3,966077,Source4
0.0,Object92,Property2,630827,Source4
0.0,Object93,Property3,609559,Source4
0.0,Object93,Property2,921113,Source4
0.0,Object94,Property3,672384,Source4
0.0,Object94,Property2,681573,Source4
0.0,Object95,Property3,520278,Source4
0.0,Object95,Property2,612663,Source4
0.0,Object96,Property3,813364,Source4
0.0,Object96,Property2,778120,Source4
0.0,Object97,Property3,552413,Source4
0.0,Object97,Property2,900109,Source4
0.0,Object98,Property3,664657,Source4
0.0,Object98,Property2,687588,Source4
0.0,Object99,Property3,677523,Source4
0.0,Object99,Property2,506095,Source4
0.0,Object100,Property3,671067,Source4
0.0,Object100,Property2,862438,Source4
0.0,Object1,Property1,640048,Source1
0.0,Object2,Property1,661221,Source1
0.0,Object3,Property1,511263,Source1
0.0,Object4,Property1,640936,Source1
0.0,Object5,Property1,672242,Source1
0.0,Object6,Property1,897195,Source1
0.0,Object7,Property1,735126,Source1
0.0,Object8,Property1,676459,Source1
0.0,Object9,Property1,700179,Source1
0.0,Object10,Property1,672009,Source1
0.0,Object11,Property1,511942,Source1
0.0,Object12,Property1,970430,Source1
0.0,Object13,Property1,744512,Source1
0.0,Object14,Property1,504001,Source1
0.0,Object15,Property1,743246,Source1
0.0,Object16,Property1,868398,Source1
0.0,Object17,Property1,959172,Source1
0.0,Object18,Property1,595991,Source1
0.0,Object19,Property1,623711,Source1
0.0,Object20,Property1,957512,Source1
0.0,Object21,Property1,948227,Source1
0.0,Object22,Property1,640624,Source1
0.0,Object23,Property1,912879,Source1
0.0,Object24,Property1,891179,Source1
0.0,Object25,Property1,748182,Source1
0.0,Object26,Property1,595562,Source1
0.0,Object27,Property1,613550,Source1
0.0,Object28,Property1,545209,Source1
0.0,Object29,Property1,846406,Source1
0.0,Object30,Property1,757584,Source1
0.0,Object31,Property1,823128,Source1
0.0,Object32,Property1,818237,Source1
0.0,Object33,Property1,756953,Source1
0.0,Object34,Property1,854735,Source1
0.0,Object35,Property1,792831,Source1
0.0,Object36,Property1,724249,Source1
0.0,Object37,Property1,741266,Source1
0.0,Object38,Property1,874072,Source1
0.0,Object39,Property1,757201,Source1
0.0,Object40,Property1,567173,Source1
0.0,Object41,Property1,574034,Source1
0.0,Object42,Property1,805790,Source1
0.0,Object43,Property1,689943,Source1
0.0,Object44,Property1,681075,Source1
0.0,Object45,Property1,510649,Source1
0.0,Object46,Property1,810823,Source1
0.0,Object47,Property1,928194,Source1
0.0,Object48,Property1,541318,Source1
0.0,Object49,Property1,717529,Source1
0.0,Object50,Property1,831840,Source1
0.0,Object51,Property1,998466,Source1
0.0,Object52,Property1,564433,Source1
0.0,Object53,Property1,885126,Source1
0.0,Object54,Property1,860221,Source1
0.0,Object55,Property1,524317,Source1
0.0,Object56,Property1,707194,Source1
0.0,Object57,Property1,715728,Source1
0.0,Object58,Property1,768908,Source1
0.0,Object59,Property1,574201,Source1
0.0,Object60,Property1,579944,Source1
0.0,Object61,Property1,600769,Source1
0.0,Object62,Property1,821628,Source1
0.0,Object63,Property1,737241,Source1
0.0,Object64,Property1,780448,Source1
0.0,Object65,Property1,947221,Source1
0.0,Object66,Property1,974398,Source1
0.0,Object67,Property1,801876,Source1
0.0,Object68,Property1,841961,Source1
0.0,Object69,Property1,964657,Source1
0.0,Object70,Property1,804195,Source1
0.0,Object71,Property1,592267,Source1
0.0,Object72,Property1,645980,Source1
0.0,Object73,Property1,621887,Source1
0.0,Object74,Property1,531957,Source1
0.0,Object75,Property1,731155,Source1
0.0,Object76,Property1,988926,Source1
0.0,Object77,Property1,672415,Source1
0.0,Object78,Property1,930653,Source1
0.0,Object79,Property1,624179,Source1
0.0,Object80,Property1,927518,Source1
0.0,Object81,Property1,680037,Source1
0.0,Object82,Property1,643018,Source1
0.0,Object83,Property1,563993,Source1
0.0,Object84,Property1,800301,Source1
0.0,Object85,Property1,561092,Source1
0.0,Object86,Property1,613990,Source1
0.0,Object87,Property1,630517,Source1
0.0,Object88,Property1,694278,Source1
0.0,Object89,Property1,740974,Source1
0.0,Object90,Property1,632197,Source1
0.0,Object91,Property1,604625,Source1
0.0,Object92,Property1,750648,Source1
0.0,Object93,Property1,852703,Source1
0.0,Object94,Property1,654027,Source1
0.0,Object95,Property1,665537,Source1
0.0,Object96,Property1,786470,Source1
0.0,Object97,Property1,563382,Source1
0.0,Object98,Property1,644947,Source1
0.0,Object99,Property1,622673,Source1
0.0,Object100,Property1,805964,Source1
0.0,Object1,Property1,826849,Source3
0.0,Object2,Property1,585769,Source3
0.0,Object3,Property1,922026,Source3
0.0,Object4,Property1,942720,Source3
0.0,Object5,Property1,826803,Source3
0.0,Object6,Property1,977866,Source3
0.0,Object7,Property1,906826,Source3
0.0,Object8,Property1,928850,Source3
0.0,Object9,Property1,978584,Source3
0.0,Object10,Property1,636457,Source3
0.0,Object11,Property1,702119,Source3
0.0,Object12,Property1,970430,Source3
0.0,Object13,Property1,768487,Source3
0.0,Object14,Property1,799810,Source3
0.0,Object15,Property1,919890,Source3
0.0,Object16,Property1,790096,Source3
0.0,Object17,Property1,604496,Source3
0.0,Object18,Property1,535702,Source3
0.0,Object19,Property1,673633,Source3
0.0,Object20,Property1,739185,Source3
0.0,Object21,Property1,524780,Source3
0.0,Object22,Property1,762072,Source3
0.0,Object23,Property1,818836,Source3
0.0,Object24,Property1,890262,Source3
0.0,Object25,Property1,699931,Source3
0.0,Object26,Property1,791643,Source3
0.0,Object27,Property1,661523,Source3
0.0,Object28,Property1,731466,Source3
0.0,Object29,Property1,776115,Source3
0.0,Object30,Property1,669575,Source3
0.0,Object31,Property1,951205,Source3
0.0,Object32,Property1,993789,Source3
0.0,Object33,Property1,756953,Source3
0.0,Object34,Property1,860380,Source3
0.0,Object35,Property1,962301,Source3
0.0,Object36,Property1,578768,Source3
0.0,Object37,Property1,616559,Source3
0.0,Object38,Property1,897358,Source3
0.0,Object39,Property1,509117,Source3
0.0,Object40,Property1,567173,Source3
0.0,Object41,Property1,573068,Source3
0.0,Object42,Property1,629777,Source3
0.0,Object43,Property1,525339,Source3
0.0,Object44,Property1,681075,Source3
0.0,Object45,Property1,819027,Source3
0.0,Object46,Property1,972634,Source3
0.0,Object47,Property1,809882,Source3
0.0,Object48,Property1,711522,Source3
0.0,Object49,Property1,629498,Source3
0.0,Object50,Property1,743876,Source3
0.0,Object51,Property1,944666,Source3
0.0,Object52,Property1,707190,Source3
0.0,Object53,Property1,954375,Source3
0.0,Object54,Property1,996014,Source3
0.0,Object55,Property1,766332,Source3
0.0,Object56,Property1,501997,Source3
0.0,Object57,Property1,815785,Source3
0.0,Object58,Property1,817257,Source3
0.0,Object59,Property1,914989,Source3
0.0,Object60,Property1,994969,Source3
0.0,Object61,Property1,880989,Source3
0.0,Object62,Property1,679662,Source3
0.0,Object63,Property1,679105,Source3
0.0,Object64,Property1,967918,Source3
0.0,Object65,Property1,547253,Source3
0.0,Object66,Property1,993515,Source3
0.0,Object67,Property1,754917,Source3
0.0,Object68,Property1,953040,Source3
0.0,Object69,Property1,707571,Source3
0.0,Object70,Property1,558297,Source3
0.0,Object71,Property1,621672,Source3
0.0,Object72,Property1,724881,Source3
0.0,Object73,Property1,516495,Source3
0.0,Object74,Property1,683795,Source3
0.0,Object75,Property1,761575,Source3
0.0,Object76,Property1,849013,Source3
0.0,Object77,Property1,766906,Source3
0.0,Object78,Property1,690684,Source3
0.0,Object79,Property1,870718,Source3
0.0,Object80,Property1,900052,Source3
0.0,Object81,Property1,875848,Source3
0.0,Object82,Property1,545649,Source3
0.0,Object83,Property1,623918,Source3
0.0,Object84,Property1,864477,Source3
0.0,Object85,Property1,891812,Source3
0.0,Object86,Property1,877298,Source3
0.0,Object87,Property1,527221,Source3
0.0,Object88,Property1,637916,Source3
0.0,Object89,Property1,541341,Source3
0.0,Object90,Property1,998122,Source3
0.0,Object91,Property1,797205,Source3
0.0,Object92,Property1,737418,Source3
0.0,Object93,Property1,712281,Source3
0.0,Object94,Property1,696137,Source3
0.0,Object95,Property1,800220,Source3
0.0,Object96,Property1,786470,Source3
0.0,Object97,Property1,904682,Source3
0.0,Object98,Property1,863304,Source3
0.0,Object99,Property1,931806,Source3
0.0,Object100,Property1,777657,Source3
0.0,Object1,Property1,608897,Source5
0.0,Object2,Property1,963614,Source5
0.0,Object3,Property1,762721,Source5
0.0,Object4,Property1,623366,Source5
0.0,Object5,Property1,613658,Source5
0.0,Object6,Property1,683197,Source5
0.0,Object7,Property1,613435,Source5
0.0,Object8,Property1,631270,Source5
0.0,Object9,Property1,516841,Source5
0.0,Object10,Property1,545368,Source5
0.0,Object11,Property1,702119,Source5
0.0,Object12,Property1,809909,Source5
0.0,Object13,Property1,589104,Source5
0.0,Object14,Property1,854432,Source5
0.0,Object15,Property1,751587,Source5
0.0,Object16,Property1,665089,Source5
0.0,Object17,Property1,692042,Source5
0.0,Object18,Property1,980591,Source5
0.0,Object19,Property1,979017,Source5
0.0,Object20,Property1,745334,Source5
0.0,Object21,Property1,648016,Source5
0.0,Object22,Property1,922152,Source5
0.0,Object23,Property1,818836,Source5
0.0,Object24,Property1,801937,Source5
0.0,Object25,Property1,689416,Source5
0.0,Object26,Property1,701169,Source5
0.0,Object27,Property1,509799,Source5
0.0,Object28,Property1,771095,Source5
0.0,Object29,Property1,913777,Source5
0.0,Object30,Property1,999016,Source5
0.0,Object31,Property1,823128,Source5
0.0,Object32,Property1,920482,Source5
0.0,Object33,Property1,654326,Source5
0.0,Object34,Property1,829738,Source5
0.0,Object35,Property1,974235,Source5
0.0,Object36,Property1,881842,Source5
0.0,Object37,Property1,690895,Source5
0.0,Object38,Property1,820871,Source5
0.0,Object39,Property1,828890,Source5
0.0,Object40,Property1,802515,Source5
0.0,Object41,Property1,568988,Source5
0.0,Object42,Property1,727243,Source5
0.0,Object43,Property1,630488,Source5
0.0,Object44,Property1,781157,Source5
0.0,Object45,Property1,953369,Source5
0.0,Object46,Property1,829310,Source5
0.0,Object47,Property1,674040,Source5
0.0,Object48,Property1,709346,Source5
0.0,Object49,Property1,717529,Source5
0.0,Object50,Property1,758695,Source5
0.0,Object51,Property1,889705,Source5
0.0,Object52,Property1,779958,Source5
0.0,Object53,Property1,697211,Source5
0.0,Object54,Property1,547217,Source5
0.0,Object55,Property1,852769,Source5
0.0,Object56,Property1,683506,Source5
0.0,Object57,Property1,749480,Source5
0.0,Object58,Property1,616773,Source5
0.0,Object59,Property1,976718,Source5
0.0,Object60,Property1,656487,Source5
0.0,Object61,Property1,654628,Source5
0.0,Object62,Property1,821628,Source5
0.0,Object63,Property1,769665,Source5
0.0,Object64,Property1,519271,Source5
0.0,Object65,Property1,547253,Source5
0.0,Object66,Property1,544196,Source5
0.0,Object67,Property1,862826,Source5
0.0,Object68,Property1,795985,Source5
0.0,Object69,Property1,633158,Source5
0.0,Object70,Property1,617020,Source5
0.0,Object71,Property1,661847,Source5
0.0,Object72,Property1,797260,Source5
0.0,Object73,Property1,976743,Source5
0.0,Object74,Property1,738173,Source5
0.0,Object75,Property1,930348,Source5
0.0,Object76,Property1,700647,Source5
0.0,Object77,Property1,673770,Source5
0.0,Object78,Property1,913635,Source5
0.0,Object79,Property1,943832,Source5
0.0,Object80,Property1,873142,Source5
0.0,Object81,Property1,692147,Source5
0.0,Object82,Property1,672962,Source5
0.0,Object83,Property1,741827,Source5
0.0,Object84,Property1,976185,Source5
0.0,Object85,Property1,563655,Source5
0.0,Object86,Property1,740109,Source5
0.0,Object87,Property1,916591,Source5
0.0,Object88,Property1,528174,Source5
0.0,Object89,Property1,907104,Source5
0.0,Object90,Property1,907837,Source5
0.0,Object91,Property1,598206,Source5
0.0,Object92,Property1,892738,Source5
0.0,Object93,Property1,659892,Source5
0.0,Object94,Property1,523278,Source5
0.0,Object95,Property1,575266,Source5
0.0,Object96,Property1,517005,Source5
0.0,Object97,Property1,634814,Source5
0.0,Object98,Property1,590313,Source5
0.0,Object99,Property1,869887,Source5
0.0,Object100,Property1,670064,Source5
0.0,Object1,Property1,187187,Source2
0.0,Object2,Property1,301963,Source2
0.0,Object3,Property1,111634,Source2
0.0,Object4,Property1,195329,Source2
0.0,Object5,Property1,312766,Source2
0.0,Object6,Property1,147579,Source2
0.0,Object7,Property1,360357,Source2
0.0,Object8,Property1,345542,Source2
0.0,Object9,Property1,241069,Source2
0.0,Object10,Property1,408071,Source2
0.0,Object11,Property1,218197,Source2
0.0,Object12,Property1,343512,Source2
0.0,Object13,Property1,342152,Source2
0.0,Object14,Property1,257884,Source2
0.0,Object15,Property1,366888,Source2
0.0,Object16,Property1,363746,Source2
0.0,Object17,Property1,140271,Source2
0.0,Object18,Property1,491484,Source2
0.0,Object19,Property1,320929,Source2
0.0,Object20,Property1,420714,Source2
0.0,Object21,Property1,267405,Source2
0.0,Object22,Property1,279080,Source2
0.0,Object23,Property1,308400,Source2
0.0,Object24,Property1,383308,Source2
0.0,Object25,Property1,164919,Source2
0.0,Object26,Property1,475324,Source2
0.0,Object27,Property1,296840,Source2
0.0,Object28,Property1,183628,Source2
0.0,Object29,Property1,134848,Source2
0.0,Object30,Property1,269051,Source2
0.0,Object31,Property1,288748,Source2
0.0,Object32,Property1,438390,Source2
0.0,Object33,Property1,272353,Source2
0.0,Object34,Property1,315030,Source2
0.0,Object35,Property1,313617,Source2
0.0,Object36,Property1,252738,Source2
0.0,Object37,Property1,279858,Source2
0.0,Object38,Property1,433832,Source2
0.0,Object39,Property1,163344,Source2
0.0,Object40,Property1,408076,Source2
0.0,Object41,Property1,160640,Source2
0.0,Object42,Property1,297535,Source2
0.0,Object43,Property1,454702,Source2
0.0,Object44,Property1,300091,Source2
0.0,Object45,Property1,374935,Source2
0.0,Object46,Property1,349858,Source2
0.0,Object47,Property1,419895,Source2
0.0,Object48,Property1,493869,Source2
0.0,Object49,Property1,343431,Source2
0.0,Object50,Property1,154319,Source2
0.0,Object51,Property1,417462,Source2
0.0,Object52,Property1,452008,Source2
0.0,Object53,Property1,422528,Source2
0.0,Object54,Property1,359432,Source2
0.0,Object55,Property1,412447,Source2
0.0,Object56,Property1,230755,Source2
0.0,Object57,Property1,467189,Source2
0.0,Object58,Property1,258778,Source2
0.0,Object59,Property1,367389,Source2
0.0,Object60,Property1,269587,Source2
0.0,Object61,Property1,378898,Source2
0.0,Object62,Property1,109372,Source2
0.0,Object63,Property1,424800,Source2
0.0,Object64,Property1,380730,Source2
0.0,Object65,Property1,262600,Source2
0.0,Object66,Property1,299588,Source2
0.0,Object67,Property1,443010,Source2
0.0,Object68,Property1,295676,Source2
0.0,Object69,Property1,377699,Source2
0.0,Object70,Property1,444673,Source2
0.0,Object71,Property1,243784,Source2
0.0,Object72,Property1,396732,Source2
0.0,Object73,Property1,437627,Source2
0.0,Object74,Property1,179733,Source2
0.0,Object75,Property1,379303,Source2
0.0,Object76,Property1,403841,Source2
0.0,Object77,Property1,299609,Source2
0.0,Object78,Property1,402010,Source2
0.0,Object79,Property1,406166,Source2
0.0,Object80,Property1,218295,Source2
0.0,Object81,Property1,178541,Source2
0.0,Object82,Property1,169761,Source2
0.0,Object83,Property1,196353,Source2
0.0,Object84,Property1,354622,Source2
0.0,Object85,Property1,184603,Source2
0.0,Object86,Property1,309518,Source2
0.0,Object87,Property1,168909,Source2
0.0,Object88,Property1,473137,Source2
0.0,Object89,Property1,349832,Source2
0.0,Object90,Property1,499597,Source2
0.0,Object91,Property1,128292,Source2
0.0,Object92,Property1,241932,Source2
0.0,Object93,Property1,107077,Source2
0.0,Object94,Property1,208336,Source2
0.0,Object95,Property1,261927,Source2
0.0,Object96,Property1,184843,Source2
0.0,Object97,Property1,326643,Source2
0.0,Object98,Property1,465078,Source2
0.0,Object99,Property1,409621,Source2
0.0,Object100,Property1,368983,Source2
0.0,Object1,Property1,187187,Source4
0.0,Object2,Property1,301963,Source4
0.0,Object3,Property1,111634,Source4
0.0,Object4,Property1,195329,Source4
0.0,Object5,Property1,312766,Source4
0.0,Object6,Property1,147579,Source4
0.0,Object7,Property1,360357,Source4
0.0,Object8,Property1,345542,Source4
0.0,Object9,Property1,241069,Source4
0.0,Object10,Property1,408071,Source4
0.0,Object11,Property1,218197,Source4
0.0,Object12,Property1,343512,Source4
0.0,Object13,Property1,342152,Source4
0.0,Object14,Property1,257884,Source4
0.0,Object15,Property1,366888,Source4
0.0,Object16,Property1,363746,Source4
0.0,Object17,Property1,140271,Source4
0.0,Object18,Property1,491484,Source4
0.0,Object19,Property1,320929,Source4
0.0,Object20,Property1,420714,Source4
0.0,Object21,Property1,267405,Source4
0.0,Object22,Property1,279080,Source4
0.0,Object23,Property1,308400,Source4
0.0,Object24,Property1,383308,Source4
0.0,Object25,Property1,164919,Source4
0.0,Object26,Property1,475324,Source4
0.0,Object27,Property1,296840,Source4
0.0,Object28,Property1,183628,Source4
0.0,Object29,Property1,134848,Source4
0.0,Object30,Property1,269051,Source4
0.0,Object31,Property1,288748,Source4
0.0,Object32,Property1,438390,Source4
0.0,Object33,Property1,272353,Source4
0.0,Object34,Property1,315030,Source4
0.0,Object35,Property1,313617,Source4
0.0,Object36,Property1,252738,Source4
0.0,Object37,Property1,279858,Source4
0.0,Object38,Property1,433832,Source4
0.0,Object39,Property1,163344,Source4
0.0,Object40,Property1,408076,Source4
0.0,Object41,Property1,160640,Source4
0.0,Object42,Property1,297535,Source4
0.0,Object43,Property1,454702,Source4
0.0,Object44,Property1,300091,Source4
0.0,Object45,Property1,374935,Source4
0.0,Object46,Property1,349858,Source4
0.0,Object47,Property1,419895,Source4
0.0,Object48,Property1,493869,Source4
0.0,Object49,Property1,343431,Source4
0.0,Object50,Property1,154319,Source4
0.0,Object51,Property1,417462,Source4
0.0,Object52,Property1,452008,Source4
0.0,Object53,Property1,422528,Source4
0.0,Object54,Property1,359432,Source4
0.0,Object55,Property1,412447,Source4
0.0,Object56,Property1,230755,Source4
0.0,Object57,Property1,467189,Source4
0.0,Object58,Property1,258778,Source4
0.0,Object59,Property1,367389,Source4
0.0,Object60,Property1,269587,Source4
0.0,Object61,Property1,378898,Source4
0.0,Object62,Property1,109372,Source4
0.0,Object63,Property1,424800,Source4
0.0,Object64,Property1,380730,Source4
0.0,Object65,Property1,262600,Source4
0.0,Object66,Property1,299588,Source4
0.0,Object67,Property1,443010,Source4
0.0,Object68,Property1,295676,Source4
0.0,Object69,Property1,377699,Source4
0.0,Object70,Property1,444673,Source4
0.0,Object71,Property1,243784,Source4
0.0,Object72,Property1,396732,Source4
0.0,Object73,Property1,437627,Source4
0.0,Object74,Property1,179733,Source4
0.0,Object75,Property1,379303,Source4
0.0,Object76,Property1,403841,Source4
0.0,Object77,Property1,299609,Source4
0.0,Object78,Property1,402010,Source4
0.0,Object79,Property1,406166,Source4
0.0,Object80,Property1,218295,Source4
0.0,Object81,Property1,178541,Source4
0.0,Object82,Property1,169761,Source4
0.0,Object83,Property1,196353,Source4
0.0,Object84,Property1,354622,Source4
0.0,Object85,Property1,184603,Source4
0.0,Object86,Property1,309518,Source4
0.0,Object87,Property1,168909,Source4
0.0,Object88,Property1,473137,Source4
0.0,Object89,Property1,650173,Source4
0.0,Object90,Property1,952847,Source4
0.0,Object91,Property1,772645,Source4
0.0,Object92,Property1,990036,Source4
0.0,Object93,Property1,659892,Source4
0.0,Object94,Property1,525585,Source4
0.0,Object95,Property1,929014,Source4
0.0,Object96,Property1,788646,Source4
0.0,Object97,Property1,766439,Source4
0.0,Object98,Property1,607933,Source4
0.0,Object99,Property1,869887,Source4
0.0,Object100,Property1,805964,Source4
